ESTATUS,MES,EQUIPO,ZONA,PROMOTOR,"ID CLIENTE",CLIENTE,"N° BACKLOG",BIEN,"LINEA DISPONIBLE","MONTO ORIGINAL","RI ORIGINAL",DIFERENCIA,BACKLOG,"RENTA INICIAL","BACKLOG ACTUAL","COLOCACIÓN REAL","RI REAL","MONTO CANCELADO","RI CANCELADA","TIPO DE OPERACIÓN","ETAPA INICIO MES",ETAPA,SOLICITUD,PROSPECTO,CREDITO,RECHAZADA,"SIN SOLICITUD","CON SOLICITUD","RI PROSPECTO","RI CREDITO","RI RECHAZADA","RI SIN SOLICITUD","RI CON SOLICITUD",TASA,COMISION,"DIF RESIDUALES","COLOCACION PIPELINE"
Comprometida,NOV-17,4,Metropolitana,"Luz Adriana Mendoza Cisneros",65539,"RARO ESTRUCTURAS METALICAS, S.A. DE C.V.",13012,"MAQUINARIA ",3000000.000000,2297000.000000,459400.000000,0,2297000.000000,459400.000000,2297446.440000,2297446.440000,574361.610000,0.000000,0.000000,Original,Autorizada,Autorizada,SI,0.000000,0.000000,0.000000,0.000000,2297446.440000,0.000000,0.000000,0.000000,0.000000,574361.610000,22.00,3.00,10.00,2297446.44,,,
Comprometida,NOV-17,4,Metropolitana,"Luz Adriana Mendoza Cisneros",58658,"COMPAÑIA COMERCIALIZADORA DE FIBRAS, S.A. DE C.V.",13026,"MAQUINARIA ",4929830.360000,1268982.000000,253796.400000,0,1268982.000000,253796.400000,1310591.770000,1310591.770000,253796.400000,0.000000,0.000000,Original,Autorizada,Autorizada,SI,0.000000,0.000000,0.000000,0.000000,1310591.770000,0.000000,0.000000,0.000000,0.000000,253796.400000,22.00,3.00,10.00,1310591.77,,,
Comprometida,NOV-17,4,Metropolitana,"Luz Adriana Mendoza Cisneros",51423,"CASCADA FUND, S.A.P.I. DE C.V.",11566,"EQUIPO ",800000.000000,400000.000000,40000.000000,0,400000.000000,40000.000000,890671.830000,890671.830000,157200.000000,0.000000,0.000000,Adicional,Prospecto,Autorizada,SI,0.000000,0.000000,0.000000,0.000000,890671.830000,0.000000,0.000000,0.000000,0.000000,157200.000000,0.00,0.00,0.00,890671.83,,,
,,,,,,,,,8729830,3965982,753196,0,3965982,753196,4498710,4498710,985358,0,0,,,,,,,,
