ESTATUS,MES,EQUIPO,ZONA,PROMOTOR,"ID CLIENTE",CLIENTE,"N° BACKLOG",BIEN,"LINEA DISPONIBLE","MONTO ORIGINAL","RI ORIGINAL",DIFERENCIA,BACKLOG,"RENTA INICIAL","BACKLOG ACTUAL","COLOCACIÓN REAL","RI REAL","MONTO CANCELADO","RI CANCELADA","TIPO DE OPERACIÓN","ETAPA INICIO MES",ETAPA,SOLICITUD,PROSPECTO,CREDITO,RECHAZADA,"SIN SOLICITUD","CON SOLICITUD","RI PROSPECTO","RI CREDITO","RI RECHAZADA","RI SIN SOLICITUD","RI CON SOLICITUD",TASA,COMISION,"DIF RESIDUALES","COLOCACION PIPELINE"
Comprometida,NOV-17,7,Metropolitana,"Paloma Cespedes Martinez del Campo",73798,"JAIME HURTADO OLIVO",13143,"AUTOS ",332185.000000,344800.000000,34480.000000,21865.25,366665.250000,34480.000000,366665.250000,363731.500000,34480.000000,0.000000,0.000000,Original,Prospecto,Autorizada,SI,0.000000,0.000000,0.000000,2933.750000,363731.500000,0.000000,0.000000,0.000000,264.040000,34480.000000,20.00,1.50,10.00,363731.50,,,
Comprometida,NOV-17,7,Metropolitana,"Ingrid Iñigo Plascencia",62739,"INGENIO PRESIDENTE BENITO JUAREZ, S.A. DE C.V.",13275,"MAQUINARIA ",23005317.780000,37468000.000000,7493600.000000,1000000,38468000.000000,7493600.000000,38468000.000000,0.000000,0.000000,0.000000,0.000000,Adicional,Prospecto,Prospecto,NO,15462682.220000,0.000000,0.000000,23005317.780000,0.000000,2937909.621800,0.000000,0.000000,4371010.378200,0.000000,20.00,2.00,10.00,0.00,,,
Comprometida,NOV-17,7,Metropolitana,"José Alfredo García Cruz",71580,"MUMEX, S.A. DE C.V.",12724," ",4000000.000000,1000000.000000,200000.000000,0,1000000.000000,200000.000000,1000000.000000,0.000000,0.000000,0.000000,0.000000,Original,Prospecto,Autorizada,NO,0.000000,0.000000,0.000000,1000000.000000,0.000000,0.000000,0.000000,0.000000,200000.000000,0.000000,0.00,0.00,0.00,,,,,
Comprometida,NOV-17,7,Metropolitana,"José Alfredo García Cruz",6360,"EMPACADORA THERBAL, S.A. DE C.V.",13219,"AUTOS ",1327792.560000,800000.000000,80000.000000,249698.48,1049698.480000,95820.000000,1091086.520000,1091086.520000,100130.010000,0.000000,0.000000,Original,Autorizada,Autorizada,SI,0.000000,0.000000,0.000000,0.000000,1091086.520000,0.000000,0.000000,0.000000,0.000000,100130.010000,20.00,2.50,10.00,1091086.52,,,
,,,,,,,,,28665295,39612800,7808080,0,40884364,7823900,40925752,1454818,134610,0,0,,,,,,,,
