ESTATUS,MES,EQUIPO,ZONA,PROMOTOR,"ID CLIENTE",CLIENTE,"N° BACKLOG",BIEN,"LINEA DISPONIBLE","MONTO ORIGINAL","RI ORIGINAL",DIFERENCIA,BACKLOG,"RENTA INICIAL","BACKLOG ACTUAL","COLOCACIÓN REAL","RI REAL","MONTO CANCELADO","RI CANCELADA","TIPO DE OPERACIÓN","ETAPA INICIO MES",ETAPA,SOLICITUD,PROSPECTO,CREDITO,RECHAZADA,"SIN SOLICITUD","CON SOLICITUD","RI PROSPECTO","RI CREDITO","RI RECHAZADA","RI SIN SOLICITUD","RI CON SOLICITUD",TASA,COMISION,"DIF RESIDUALES"
Comprometida,MAY-17,HER,Regional,"Manuel Juventino Madrid García",67934,"PREMACO DEL DESIERTO SA DE CV",10430," ",21000000.000000,30000000.000000,6000000.000000,0,30000000.000000,6000000.000000,30000000.000000,0.000000,0.000000,0.000000,0.000000,Original,Prospecto,Prospecto,NO,0.000000,0.000000,0.000000,30000000.000000,0.000000,0.000000,0.000000,0.000000,6000000.000000,0.000000,,,,,,,
Comprometida,MAY-17,HER,Regional,"Manuel Juventino Madrid García",68942,"LOS GALMAR COMERCIAL SA DE CV",10920," ",0.000000,7450000.000000,1490000.000000,0,7450000.000000,1490000.000000,7450000.000000,0.000000,0.000000,0.000000,0.000000,Adicional,Prospecto,Prospecto,NO,7450000.000000,0.000000,0.000000,0.000000,0.000000,1490000.000000,0.000000,0.000000,0.000000,0.000000,0.00,0.00,0.00,,,,
Comprometida,MAY-17,HER,Regional,"Manuel Juventino Madrid García",18995,"SALSAS CASTILLO, S.A.P.I. DE C.V.",10853," ",9157406.560000,500000.000000,50000.000000,0,500000.000000,50000.000000,824604.000000,824604.000000,82460.400000,0.000000,0.000000,Adicional,Autorizada,Autorizada,SI,0.000000,0.000000,0.000000,0.000000,824604.000000,0.000000,0.000000,0.000000,0.000000,82460.400000,,,,,,,
,,,,,,,,,30157407,37950000,7540000,0,37950000,7540000,38274604,824604,82460,0,0,,,,
