ESTATUS,MES,EQUIPO,ZONA,PROMOTOR,"ID CLIENTE",CLIENTE,"N° BACKLOG",BIEN,"LINEA DISPONIBLE","MONTO ORIGINAL","RI ORIGINAL",DIFERENCIA,BACKLOG,"RENTA INICIAL","BACKLOG ACTUAL","COLOCACIÓN REAL","RI REAL","MONTO CANCELADO","RI CANCELADA","TIPO DE OPERACIÓN","ETAPA INICIO MES",ETAPA,SOLICITUD,PROSPECTO,CREDITO,RECHAZADA,"SIN SOLICITUD","CON SOLICITUD","RI PROSPECTO","RI CREDITO","RI RECHAZADA","RI SIN SOLICITUD","RI CON SOLICITUD",TASA,COMISION,"DIF RESIDUALES","COLOCACION PIPELINE"
Comprometida,NOV-17,4,Metropolitana,"Nuria Borras Gomez",58409,"DESARROLLADORA SIERRA MADRE, S.A. DE C.V.",12485,"AUTOS MAQUINARIA EQUIPO ",13872823.610000,45000000.000000,4500000.000000,-40600000,4400000.000000,400000.000000,45000000.000000,0.000000,0.000000,0.000000,0.000000,Adicional,Prospecto,Autorizada,NO,31127176.390000,0.000000,0.000000,13872823.610000,0.000000,4500000.000000,0.000000,0.000000,0.000000,0.000000,0.00,0.00,0.00,,,,
Comprometida,NOV-17,4,Metropolitana,"Nuria Borras Gomez",40681,"SERPROVAL, S.A. DE C.V.",13341,"AUTOS CAMIONES ",0.000000,5000000.000000,500000.000000,0,5000000.000000,500000.000000,5000000.000000,0.000000,0.000000,0.000000,0.000000,Adicional,Prospecto,Prospecto,NO,5000000.000000,0.000000,0.000000,0.000000,0.000000,500000.000000,0.000000,0.000000,0.000000,0.000000,22.00,3.00,10.00,,,,
Comprometida,NOV-17,4,Metropolitana,"Nuria Borras Gomez",45275,"VELSIMEX, S.A. DE C.V.",13076,"MAQUINARIA EQUIPO DE TRANSPORTE ",50000000.000000,5000000.000000,750000.000000,0,5000000.000000,750000.000000,5000000.000000,0.000000,0.000000,0.000000,0.000000,Original,Autorizada,Autorizada,NO,0.000000,0.000000,0.000000,5000000.000000,0.000000,0.000000,0.000000,0.000000,750000.000000,0.000000,20.00,3.00,10.00,,,,
Cancelada,NOV-17,4,Metropolitana,"Nuria Borras Gomez",72606,"AGRICOLA INNOVACION, S.A. DE C.V.",13249,"MAQUINARIA ",0.000000,5700000.000000,570000.000000,0,5700000.000000,570000.000000,0,0.000000,0.000000,-5700000.000000,-570000.000000,Adicional,Prospecto,Prospecto,NO,5700000.000000,0.000000,0.000000,0.000000,0.000000,570000.000000,0.000000,0.000000,0.000000,0.000000,21.00,3.00,10.00,,,
,,,,,,,,,63872824,60700000,6320000,0,20100000,2220000,55000000,0,0,-5700000,-570000,,,,,,,,
