ESTATUS,MES,EQUIPO,ZONA,PROMOTOR,"ID CLIENTE",CLIENTE,"N° BACKLOG",BIEN,"LINEA DISPONIBLE","MONTO ORIGINAL","RI ORIGINAL",DIFERENCIA,BACKLOG,"RENTA INICIAL","BACKLOG ACTUAL","COLOCACIÓN REAL","RI REAL","MONTO CANCELADO","RI CANCELADA","TIPO DE OPERACIÓN","ETAPA INICIO MES",ETAPA,SOLICITUD,PROSPECTO,CREDITO,RECHAZADA,"SIN SOLICITUD","CON SOLICITUD","RI PROSPECTO","RI CREDITO","RI RECHAZADA","RI SIN SOLICITUD","RI CON SOLICITUD",TASA,COMISION,"DIF RESIDUALES","COLOCACION PIPELINE"
Comprometida,OCT-17,3,Metropolitana,"German Rodriguez Aguilera",47181,"PARIPLASTIC, S.A. DE C.V.",12428,"MAQUINARIA ",0.000000,7000000.000000,1400000.000000,0,7000000.000000,1400000.000000,7000000.000000,0.000000,0.000000,0.000000,0.000000,Original,Prospecto,Prospecto,NO,7000000.000000,0.000000,0.000000,0.000000,0.000000,1400000.000000,0.000000,0.000000,0.000000,0.000000,0.00,0.00,0.00,,,,
Comprometida,OCT-17,3,Metropolitana,"Martha Lucia Fusco Garza",69894,"CORPORATIVO GRUPO TAMPICO, S.A. DE C.V.",12853,"AUTOS ",1593762.760000,3500000.000000,350000.000000,0,3500000.000000,350000.000000,3500000.000000,3426637.620000,339708.300000,0.000000,0.000000,Adicional,Prospecto,Prospecto,SI,0.000000,0.000000,0.000000,73362.380000,3426637.620000,0.000000,0.000000,0.000000,7336.240000,339708.300000,18.00,1.00,5.00,3426637.62,,,
Comprometida,OCT-17,3,METROPOLITANA,"German Rodriguez Aguilera",44801,"DISTRIBUIDORA DE CONCRETOS MXL, S.A. DE C.V.",12483,"MAQUINARIA ",2111673.760000,2100000.000000,630000.000000,0,2100000.000000,630000.000000,2100000.000000,0.000000,0.000000,0.000000,0.000000,Original,Prospecto,Prospecto,NO,2100000.000000,0.000000,0.000000,0.000000,0.000000,630000.000000,0.000000,0.000000,0.000000,0.000000,0.00,0.00,0.00,,,,
,,,,,,,,,3705437,12600000,2380000,0,12600000,2380000,12600000,3426638,339708,0,0,,,,,,,,
