ESTATUS,MES,EQUIPO,ZONA,PROMOTOR,"ID CLIENTE",CLIENTE,"N° BACKLOG",BIEN,"LINEA DISPONIBLE","MONTO ORIGINAL","RI ORIGINAL",DIFERENCIA,BACKLOG,"RENTA INICIAL","BACKLOG ACTUAL","COLOCACIÓN REAL","RI REAL","MONTO CANCELADO","RI CANCELADA","TIPO DE OPERACIÓN","ETAPA INICIO MES",ETAPA,SOLICITUD,PROSPECTO,CREDITO,RECHAZADA,"SIN SOLICITUD","CON SOLICITUD","RI PROSPECTO","RI CREDITO","RI RECHAZADA","RI SIN SOLICITUD","RI CON SOLICITUD"
Comprometida,ABR-17,HER,Regional,"Manuel Juventino Madrid García",,"PREMACO DEL DESIERTO SA DE CV",10430," ",0.000000,30000000.000000,6000000.000000,0,30000000.000000,6000000.000000,30000000.000000,0.000000,0.000000,0.000000,0.000000,Original,Prospecto,Prospecto,NO,30000000.000000,0.000000,0.000000,0.000000,0.000000,6000000.000000,0.000000,0.000000,0.000000,0.000000,,,,
Comprometida,ABR-17,HER,Regional,"Manuel Juventino Madrid García",,"EL ROBLE LEASING SA DE CV",10432," ",0.000000,3500000.000000,700000.000000,0,3500000.000000,700000.000000,3500000.000000,0.000000,0.000000,0.000000,0.000000,Original,Prospecto,Prospecto,NO,3500000.000000,0.000000,0.000000,0.000000,0.000000,700000.000000,0.000000,0.000000,0.000000,0.000000,,,,
Comprometida,ABR-17,HER,Regional,"Manuel Juventino Madrid García",,"PSMPAYMENT SERVICES MEXICO SA DE CV",10433," ",0.000000,1000000.000000,200000.000000,0,1000000.000000,200000.000000,1000000.000000,0.000000,0.000000,0.000000,0.000000,Original,Prospecto,Prospecto,NO,1000000.000000,0.000000,0.000000,0.000000,0.000000,200000.000000,0.000000,0.000000,0.000000,0.000000,,,,
Comprometida,ABR-17,HER,Regional,"Manuel Juventino Madrid García",18995,"SALSAS CASTILLO, S.A.P.I. DE C.V.",10434," ",6179694.990000,1000000.000000,200000.000000,0,1000000.000000,200000.000000,1000000.000000,0.000000,0.000000,0.000000,0.000000,Original,Autorizada,Autorizada,NO,0.000000,0.000000,0.000000,1000000.000000,0.000000,0.000000,0.000000,0.000000,200000.000000,0.000000,,,,
Comprometida,ABR-17,HER,Regional,"Manuel Juventino Madrid García",57429,"FMC CAJAS, S.A. DE C.V.",10431," ",51004.510000,500000.000000,100000.000000,0,500000.000000,100000.000000,500000.000000,0.000000,0.000000,0.000000,0.000000,Original,Prospecto,Prospecto,NO,448995.490000,0.000000,0.000000,51004.510000,0.000000,89799.098000,0.000000,0.000000,10200.902000,0.000000,,,,
,,,,,,,,,6230700,36000000,7200000,0,36000000,7200000,36000000,0,0,0,0,,,,
