ESTATUS,MES,EQUIPO,ZONA,PROMOTOR,"ID CLIENTE",CLIENTE,"N° BACKLOG",BIEN,"LINEA DISPONIBLE","MONTO ORIGINAL","RI ORIGINAL",DIFERENCIA,BACKLOG,"RENTA INICIAL","BACKLOG ACTUAL","COLOCACIÓN REAL","RI REAL","MONTO CANCELADO","RI CANCELADA","TIPO DE OPERACIÓN","ETAPA INICIO MES",ETAPA,SOLICITUD,PROSPECTO,CREDITO,RECHAZADA,"SIN SOLICITUD","CON SOLICITUD","RI PROSPECTO","RI CREDITO","RI RECHAZADA","RI SIN SOLICITUD","RI CON SOLICITUD",TASA,COMISION,"DIF RESIDUALES","COLOCACION PIPELINE"
Comprometida,NOV-17,3,Metropolitana,"German Rodriguez Aguilera",18666,"AMERICAN INNOVATION INDUSTRY, S.A. DE C.V.",12963,"MAQUINARIA ",16797615.200000,180000000.000000,36000000.000000,0,180000000.000000,36000000.000000,180000000.000000,0.000000,0.000000,0.000000,0.000000,Original,Prospecto,Prospecto,NO,158630548.690000,0.000000,0.000000,21369451.310000,0.000000,31726109.740000,0.000000,0.000000,4273890.260000,0.000000,20.00,2.50,5.00,0.00,,,
Comprometida,NOV-17,3,Metropolitana,"German Rodriguez Aguilera",9417,"TECNOSUELO, S.A. DE C.V.",10202,"MAQUINARIA EQUIPO ",34796679.110000,50000000.000000,15000000.000000,-10000000,40000000.000000,8000000.000000,40000000.000000,0.000000,0.000000,0.000000,0.000000,Original,Autorizada,Autorizada,NO,0.000000,0.000000,0.000000,40000000.000000,0.000000,0.000000,0.000000,0.000000,8000000.000000,0.000000,0.00,0.00,0.00,0.00,,,
Comprometida,NOV-17,3,Metropolitana,"German Rodriguez Aguilera",73047,"SERVICIOS ASOCIADOS EN SISTEMAS DE EMPAQUE Y MAQUILAS, S.A. DE C.V.",12996,"MAQUINARIA ",13160000.000000,18000000.000000,5400000.000000,0,18000000.000000,5400000.000000,18000000.000000,0.000000,0.000000,0.000000,0.000000,Original,Prospecto,Autorizada,NO,0.000000,0.000000,0.000000,18000000.000000,0.000000,0.000000,0.000000,0.000000,5400000.000000,0.000000,0.00,0.00,0.00,0.00,,,
Comprometida,NOV-17,3,METROPOLITANA,"German Rodriguez Aguilera",73092,"URANIA CONSULTORES, S.C.",12921,"AUTOS EQUIPO DE COMPUTO ",0.000000,5000000.000000,500000.000000,0,0.000000,0.000000,0.000000,0.000000,0.000000,0.000000,0.000000,Original,Prospecto,Rechazada,NO,0.000000,0.000000,0.000000,0.000000,0.000000,0.000000,0.000000,0.000000,0.000000,0.000000,0.00,0.00,0.00,0.00,,,
,,,,,,,,,64754294,253000000,56900000,0,238000000,49400000,238000000,0,0,0,0,,,,,,,,
