ESTATUS,MES,EQUIPO,ZONA,PROMOTOR,"ID CLIENTE",CLIENTE,"N° BACKLOG",BIEN,"LINEA DISPONIBLE","MONTO ORIGINAL","RI ORIGINAL",DIFERENCIA,BACKLOG,"RENTA INICIAL","BACKLOG ACTUAL","COLOCACIÓN REAL","RI REAL","MONTO CANCELADO","RI CANCELADA","TIPO DE OPERACIÓN","ETAPA INICIO MES",ETAPA,SOLICITUD,PROSPECTO,CREDITO,RECHAZADA,"SIN SOLICITUD","CON SOLICITUD","RI PROSPECTO","RI CREDITO","RI RECHAZADA","RI SIN SOLICITUD","RI CON SOLICITUD",TASA,COMISION,"DIF RESIDUALES","COLOCACION PIPELINE"
Comprometida,OCT-17,GDL,Regional,"Ignacio Garcia Plaisant",45398,"POUNCE CONSULTING, S.A. DE C.V.",11823,"EQUIPO ",65324760.870000,55500000.000000,16650000.000000,34500000,90000000.000000,27000000.000000,55500000.000000,0.000000,0.000000,0.000000,0.000000,Adicional,Prospecto,Autorizada,NO,0.000000,0.000000,0.000000,55500000.000000,0.000000,0.000000,0.000000,0.000000,16650000.000000,0.000000,0.00,0.00,0.00,,,,
Comprometida,OCT-17,GDL,Regional,"Ignacio Garcia Plaisant",49769,"INDUSTRIAS GUTIERREZ, S.A. DE C.V.",11643,"MAQUINARIA EQUIPO DE TRANSPORTE ",92000000.000000,50000000.000000,10000000.000000,10000000,60000000.000000,12000000.000000,50000000.000000,0.000000,0.000000,0.000000,0.000000,Adicional,Prospecto,Autorizada,NO,0.000000,0.000000,0.000000,50000000.000000,0.000000,0.000000,0.000000,0.000000,10000000.000000,0.000000,0.00,0.00,0.00,,,,
Comprometida,OCT-17,GDL,Regional,"Enrique Puente Barba",69710,"EL CAMINERO CONSTRUCCIONES, S.A DE C.V.",11290,"MAQUINARIA ",0.000000,16000000.000000,3200000.000000,0,16000000.000000,3200000.000000,16000000.000000,0.000000,0.000000,0.000000,0.000000,Adicional,Prospecto,Prospecto,NO,16000000.000000,0.000000,0.000000,0.000000,0.000000,3200000.000000,0.000000,0.000000,0.000000,0.000000,0.00,0.00,0.00,0.00,,,
Comprometida,OCT-17,GDL,REGIONAL,"Guillermo Gonzalez Gallo y Ferriz",69212,"PROYECTO DIA S.A. DE C.V.",11066,"EQUIPO ",0.000000,9200000.000000,1840000.000000,0,9200000.000000,1840000.000000,9200000.000000,0.000000,0.000000,0.000000,0.000000,Original,Prospecto,Credito,NO,0.000000,9200000.000000,0.000000,0.000000,0.000000,0.000000,1840000.000000,0.000000,0.000000,0.000000,0.00,0.00,0.00,0.00,,,
,,,,,,,,,157324761,130700000,31690000,0,175200000,44040000,130700000,0,0,0,0,,,,,,,,
