ESTATUS,MES,EQUIPO,ZONA,PROMOTOR,"ID CLIENTE",CLIENTE,"N° BACKLOG",BIEN,"LINEA DISPONIBLE","MONTO ORIGINAL","RI ORIGINAL",DIFERENCIA,BACKLOG,"RENTA INICIAL","COLOCACIÓN REAL","RI REAL","MONTO CANCELADO","RI CANCELADA","TIPO DE OPERACIÓN","ETAPA INICIO MES",ETAPA,SOLICITUD,PROSPECTO,CREDITO,RECHAZADA,"SIN SOLICITUD","CON SOLICITUD","RI PROSPECTO","RI CREDITO","RI RECHAZADA","RI SIN SOLICITUD","RI CON SOLICITUD"
Comprometida,FEB-17,7,METROPOLITANA,"Paloma Cespedes Martinez del Campo",41724,"MEXTENIS, S.A. DE C.V.",9634,"EQUIPO DE COMPUTO ",856000.000000,350000.000000,49000.000000,750000,1100000.000000,220000.000000,0.000000,0.000000,0.000000,0.000000,Adicional,Prospecto,Autorizada,NO,244000.000000,0.000000,0.000000,856000.000000,0.000000,48800.000000,0.000000,0.000000,171200.000000,0.000000,,,
Comprometida,FEB-17,7,Metropolitana,"Ingrid Iñigo Plascencia",66183,"TIENDAS EXTRA SA DE CV",9905,"OTROS ",40000000.000000,40000000.000000,8000000.000000,10000000,50000000.000000,10000000.000000,0.000000,0.000000,0.000000,0.000000,Adicional,Autorizada,Autorizada,NO,0.000000,0.000000,0.000000,50000000.000000,0.000000,0.000000,0.000000,0.000000,10000000.000000,0.000000,,,
Comprometida,FEB-17,7,Metropolitana,"José Alfredo García Cruz",66121,"AGROFAMI FPTT SPR DE RL DE CV",9551,"MAQUINARIA ",8000000.000000,20000000.000000,4000000.000000,-6000000,14000000.000000,4200000.000000,0.000000,0.000000,0.000000,0.000000,Adicional,Prospecto,Prospecto,NO,0.000000,0.000000,0.000000,14000000.000000,0.000000,0.000000,0.000000,0.000000,4200000.000000,0.000000,,,
Comprometida,FEB-17,7,Metropolitana,"José Alfredo García Cruz",40365,"F & F ESPECIALISTAS EN MADERA, S.A. DE C.V.",9142,"EQUIPO DE TRANSPORTE ",1360000.000000,2000000.000000,400000.000000,-500000,1500000.000000,300000.000000,0.000000,0.000000,0.000000,0.000000,Original,Prospecto,Autorizada,NO,0.000000,0.000000,0.000000,1500000.000000,0.000000,0.000000,0.000000,0.000000,300000.000000,0.000000,,,
Comprometida,FEB-17,7,Metropolitana,"Guillermo Gonzalez Gallo y Ferriz",42264,"TRANSPORTES INNOVATIVOS, S.A. DE C.V.",9678,"EQUIPO DE TRANSPORTE ",12750875.810000,10626000.000000,2125200.000000,2838764.96,13464764.960000,1346476.480000,13464764.960000,1346476.480000,0.000000,0.000000,Adicional,Autorizada,Autorizada,SI,0.000000,0.000000,0.000000,0.000000,13464764.960000,0.000000,0.000000,0.000000,0.000000,1346476.480000,,
,,,,,,,,,62966876,72976000,14574200,0,80064765,16066476,13464765,1346476,0,0,,,,
